"1","Control"
"2","Control"
"3","Control"
"4","Control"
"5","Control"
"6","Control"
"7","Control"
"8","Control"
"9","Control"
"10","Control"
"11","Control"
"12","Control"
"13","Control"
"14","Control"
"15","Control"
"16","Control"
"17","Control"
"18","Control"
"19","Control"
"20","Control"
"21","Control"
"22","Control"
"23","Control"
"24","Control"
"25","Control"
"26","Control"
"27","Control"
"28","Control"
"29","Control"
"30","Control"
"31","Control"
"32","Control"
"33","Control"
"34","Control"
"35","Control"
"36","Control"
"37","Control"
"38","Control"
"39","Control"
"40","Control"
"41","Control"
"42","Control"
"43","Control"
"44","Control"
"45","Control"
"46","Control"
"47","Control"
"48","Control"
"49","Control"
"50","Control"
"51","Control"
"52","Control"
"53","Control"
"54","Control"
"55","Control"
"56","Control"
"57","Control"
"58","Control"
"59","Control"
"60","Control"
"61","Control"
"62","Control"
"63","Control"
"64","Control"
"65","Control"
"66","Control"
"67","Control"
"68","Control"
"69","Control"
"70","Control"
"71","Control"
"72","Control"
"73","Control"
"74","Control"
"75","Control"
"76","Control"
"77","Control"
"78","Control"
"79","Control"
"80","Control"
"81","Control"
"82","Control"
"83","Control"
"84","Control"
"85","Control"
"86","Control"
"87","Control"
"88","Control"
"89","Control"
"90","Control"
"91","Control"
"92","Control"
"93","Control"
"94","Control"
"95","Control"
"96","Control"
"97","Control"
"98","Control"
"99","Control"
"100","Control"
"101","Control"
"102","Control"
"103","Control"
"104","Control"
"105","Control"
"106","Control"
"107","Control"
"108","Control"
"109","Control"
"110","Control"
"111","Control"
"112","Control"
"113","Control"
"114","Control"
"115","Control"
"116","Control"
"117","Control"
"118","Control"
"119","Control"
"120","Control"
"121","Control"
"122","Control"
"123","Control"
"124","Control"
"125","Control"
"126","Control"
"127","Control"
"128","Control"
"129","Control"
"130","Control"
"131","Control"
"132","Control"
"133","Control"
"134","Control"
"135","Control"
"136","Control"
"137","Control"
"138","Control"
"139","Control"
"140","Control"
"141","Control"
"142","Control"
"143","Control"
"144","Control"
"145","Control"
"146","Control"
"147","Control"
"148","Control"
"149","Control"
"150","Control"
"151","Control"
"152","Control"
"153","Control"
"154","Control"
"155","Control"
"156","Control"
"157","Control"
"158","Control"
"159","Control"
"160","Control"
"161","Control"
"162","Control"
"163","Control"
"164","Control"
"165","Control"
"166","Control"
"167","Control"
"168","Control"
"169","Control"
"170","Control"
"171","Control"
"172","Control"
"173","Control"
"174","Control"
"175","Control"
"176","Control"
"177","Control"
"178","Control"
"179","Control"
"180","Control"
"181","Control"
"182","Control"
"183","Control"
"184","Control"
"185","Control"
"186","Control"
"187","Control"
"188","Control"
"189","Control"
"190","Control"
"191","Control"
"192","Control"
"193","Control"
"194","Control"
"195","Control"
"196","Control"
"197","Control"
"198","Control"
"199","Control"
"200","Control"
"201","Control"
"202","Control"
"203","Control"
"204","Control"
"205","Control"
"206","Control"
"207","Control"
"208","Control"
"209","Control"
"210","Control"
"211","Control"
"212","Control"
"213","Control"
"214","Control"
"215","Control"
"216","IPF"
"217","IPF"
"218","IPF"
"219","IPF"
"220","IPF"
"221","IPF"
"222","IPF"
"223","IPF"
"224","IPF"
"225","IPF"
"226","IPF"
"227","IPF"
"228","IPF"
"229","IPF"
"230","IPF"
"231","IPF"
"232","IPF"
"233","IPF"
"234","IPF"
"235","IPF"
"236","IPF"
"237","IPF"
"238","IPF"
"239","IPF"
"240","IPF"
"241","IPF"
"242","IPF"
"243","IPF"
"244","IPF"
"245","IPF"
"246","IPF"
"247","IPF"
"248","IPF"
"249","IPF"
"250","IPF"
"251","IPF"
"252","IPF"
"253","IPF"
"254","IPF"
"255","IPF"
"256","IPF"
"257","IPF"
"258","IPF"
"259","IPF"
"260","IPF"
"261","IPF"
"262","IPF"
"263","IPF"
"264","IPF"
"265","IPF"
"266","IPF"
"267","IPF"
"268","IPF"
"269","IPF"
"270","IPF"
"271","IPF"
"272","IPF"
"273","IPF"
"274","IPF"
"275","IPF"
"276","IPF"
"277","IPF"
"278","IPF"
"279","IPF"
"280","IPF"
"281","IPF"
"282","IPF"
"283","IPF"
"284","IPF"
"285","IPF"
"286","IPF"
"287","IPF"
"288","IPF"
"289","IPF"
"290","IPF"
"291","IPF"
"292","IPF"
"293","IPF"
"294","IPF"
"295","IPF"
"296","IPF"
"297","IPF"
"298","IPF"
"299","IPF"
"300","IPF"
"301","IPF"
"302","IPF"
"303","IPF"
"304","IPF"
"305","IPF"
"306","IPF"
"307","IPF"
"308","IPF"
"309","IPF"
"310","IPF"
"311","IPF"
"312","IPF"
"313","IPF"
"314","IPF"
"315","IPF"
"316","IPF"
"317","IPF"
"318","IPF"
"319","IPF"
"320","IPF"
"321","IPF"
"322","IPF"
"323","IPF"
"324","IPF"
"325","IPF"
"326","IPF"
"327","IPF"
"328","IPF"
"329","IPF"
"330","IPF"
"331","IPF"
"332","IPF"
"333","IPF"
"334","IPF"
"335","IPF"
"336","IPF"
"337","IPF"
"338","IPF"
"339","IPF"
"340","IPF"
"341","IPF"
"342","IPF"
"343","IPF"
"344","IPF"
"345","IPF"
"346","IPF"
"347","IPF"
"348","IPF"
"349","IPF"
"350","IPF"
"351","IPF"
"352","IPF"
"353","IPF"
"354","IPF"
"355","IPF"
"356","IPF"
"357","IPF"
"358","IPF"
"359","IPF"
"360","IPF"
"361","IPF"
"362","IPF"
"363","IPF"
"364","IPF"
"365","IPF"
"366","IPF"
"367","IPF"
"368","IPF"
"369","IPF"
"370","IPF"
"371","IPF"
"372","IPF"
"373","IPF"
"374","IPF"
"375","IPF"
"376","IPF"
"377","IPF"
"378","IPF"
"379","IPF"
"380","IPF"
"381","IPF"
"382","IPF"
"383","IPF"
"384","IPF"
"385","IPF"
"386","IPF"
"387","IPF"
"388","IPF"
"389","IPF"
"390","IPF"
"391","IPF"
"392","IPF"
"393","IPF"
"394","IPF"
"395","IPF"
"396","IPF"
"397","IPF"
"398","IPF"
"399","IPF"
"400","IPF"
"401","IPF"
"402","IPF"
"403","IPF"
"404","IPF"
"405","IPF"
"406","IPF"
"407","IPF"
"408","IPF"
"409","IPF"
"410","IPF"
"411","IPF"
"412","IPF"
"413","IPF"
"414","IPF"
"415","IPF"
"416","IPF"
"417","IPF"
"418","IPF"
"419","IPF"
"420","IPF"
"421","IPF"
"422","IPF"
"423","IPF"
"424","IPF"
"425","IPF"
"426","IPF"
"427","IPF"
"428","IPF"
"429","IPF"
"430","IPF"
"431","IPF"
"432","IPF"
"433","IPF"
"434","IPF"
"435","IPF"
"436","IPF"
"437","IPF"
"438","IPF"
"439","IPF"
"440","IPF"
"441","IPF"
"442","IPF"
"443","IPF"
"444","IPF"
"445","IPF"
"446","IPF"
"447","IPF"
"448","IPF"
"449","IPF"
"450","IPF"
"451","IPF"
"452","IPF"
"453","IPF"
"454","IPF"
"455","IPF"
"456","IPF"
"457","IPF"
"458","IPF"
"459","IPF"
"460","IPF"
"461","IPF"
"462","IPF"
"463","IPF"
"464","IPF"
"465","IPF"
"466","IPF"
"467","IPF"
"468","IPF"
"469","IPF"
"470","IPF"
"471","IPF"
"472","IPF"
"473","IPF"
"474","IPF"
"475","IPF"
"476","IPF"
"477","IPF"
"478","IPF"
"479","IPF"
"480","IPF"
"481","IPF"
"482","IPF"
"483","IPF"
"484","IPF"
"485","IPF"
"486","IPF"
"487","IPF"
"488","IPF"
"489","IPF"
"490","IPF"
"491","IPF"
"492","IPF"
"493","IPF"
"494","IPF"
"495","IPF"
"496","IPF"
"497","IPF"
"498","IPF"
"499","IPF"
"500","IPF"
"501","IPF"
"502","IPF"
"503","IPF"
"504","IPF"
"505","IPF"
"506","IPF"
"507","IPF"
"508","IPF"
"509","IPF"
"510","IPF"
"511","IPF"
"512","IPF"
"513","IPF"
"514","IPF"
"515","IPF"
"516","IPF"
"517","IPF"
"518","IPF"
"519","IPF"
"520","IPF"
"521","IPF"
"522","IPF"
"523","IPF"
"524","IPF"
"525","IPF"
"526","IPF"
"527","IPF"
"528","IPF"
"529","IPF"
"530","IPF"
"531","IPF"
"532","IPF"
"533","IPF"
"534","IPF"
"535","IPF"
"536","IPF"
"537","IPF"
"538","IPF"
"539","IPF"
"540","IPF"
